update_id	opportunity_id	account_id	update_date	channel	author_role	synthetic_notice	source_access_level	update_text
SLK-1001-01	OPP-1001	ACC-2001	2026-04-25	account-northstar	Account Owner	true	standard	The account team confirmed that the final packet still centers on named migration owners and measurable exception reduction, reinforcing the latest buyer calls.
SLK-1001-02	OPP-1001	ACC-2001	2026-04-26	account-northstar	Deal Strategist	true	standard	The written payment schedule has not yet been confirmed in the account-team thread, so the signature packet still has a documented information gap.
SLK-1001-03	OPP-1001	ACC-2001	2026-04-27	account-northstar	Solutions Lead	true	standard	Regional stakeholders appear comfortable with weekly reporting, while executive support remains conditional on a credible exception plan; treat this as unresolved alignment, not approval.
SLK-1002-01	OPP-1002	ACC-2002	2026-04-26	account-meridian	Account Owner	true	standard	The team reiterated that the proof is directionally successful and that the technical champion remains supportive, matching the proof-closeout call.
SLK-1002-02	OPP-1002	ACC-2002	2026-04-27	account-meridian	Customer Success	true	standard	No confirmed completion dates are recorded yet for the reporting-export retest or the incident-owner map, leaving the proof exit schedule incomplete.
SLK-1002-03	OPP-1002	ACC-2002	2026-04-28	account-meridian	Solutions Lead	true	standard	Operations is treating both remediation items as proof-exit criteria, while the rollout team may view them as follow-up work; the stage interpretation needs confirmation.
SLK-1003-01	OPP-1003	ACC-2003	2026-04-28	restricted-eclipse	Restricted Account Owner	true	restricted	The restricted account team reaffirmed that discount, liability language, and restricted-source use each require approval before a recommendation is shared.
SLK-1003-02	OPP-1003	ACC-2003	2026-04-29	restricted-eclipse	Deal Strategist	true	restricted	The thread does not contain an approved concession statement or a completed legal redline, so customer-facing language remains a missing input.
SLK-1003-03	OPP-1003	ACC-2003	2026-04-30	restricted-eclipse	Legal Liaison	true	restricted	Procurement continues to request a written concession while legal has warned against informal language; preserve both signals and route the conflict for approval.
